id;src;name;ext;start;end
0guRGN9o0Qg;yt;ss;mp3;NULL;NULL
"1Discord Call.0628";meme;call;mp3;NULL;NULL
"1Discord Notification.0583";meme;notify;mp3;NULL;NULL
"1Enemy Spotted.0511";meme;enemy;mp3;NULL;NULL
"1Fortnite Default Dance (Ear Rape).0464";meme;random;mp3;NULL;NULL
"1GTA V Wasted.0224";meme;wasted;mp3;NULL;NULL
1Im%20G*y.0072;meme;gay;mp3;NULL;NULL
"1Its Corona Time.0644";meme;corona;mp3;NULL;NULL
"1Mission Failed.0013";meme;mission;mp3;NULL;NULL
1Noice.0084;meme;nice;mp3;NULL;NULL
"1Nokia Ringtone.0546";meme;nokia;mp3;NULL;NULL
1To%20Be%20Continued.0038;meme;tbc;mp3;NULL;NULL
1Why.0065;meme;why;mp3;NULL;NULL
cW2v3CfvTPQ;yt;flash;mp3;NULL;NULL
EYO2bSrrLpk;yt;slain;mp3;NULL;NULL
fqueLrX1JhA;yt;vent;mp3;NULL;NULL
FZUcpVmEHuk;yt;pog;mp3;NULL;NULL
id;src;name;ext;NULL;NULL
Pdgam-JtQKo;yt;meet;mp3;NULL;NULL
pr_kkWVnHoo;yt;elbow;mp3;NULL;NULL
uG45me0ekts;yt;imposter;mp3;NULL;NULL
W_FRPoJIrlI;yt;fart;mp3;NULL;NULL
